,Symbol,Name,Exchange,MarketCap
45,ATVI,"Activision Blizzard, Inc",NASDAQ,40040000000.0
56,ADBE,Adobe Inc.,NASDAQ,142730000000.0
61,AMD,"Advanced Micro Devices, Inc.",NASDAQ,46330000000.0
100,AKAM,"Akamai Technologies, Inc.",NASDAQ,13330000000.0
118,ALXN,"Alexion Pharmaceuticals, Inc.",NASDAQ,17790000000.0
120,ALGN,"Align Technology, Inc.",NASDAQ,11410000000.0
131,LNT,Alliant Energy Corporation,NASDAQ,9970000000.0
138,ALNY,"Alnylam Pharmaceuticals, Inc.",NASDAQ,11690000000.0
140,GOOG,Alphabet Inc.,NASDAQ,736990000000.0
141,GOOGL,Alphabet Inc.,NASDAQ,734170000000.0
155,AMZN,"Amazon.com, Inc.",NASDAQ,919000000000.0
167,AMOV,"America Movil, S.A.B. de C.V.",NASDAQ,39470000000.0
186,AMGN,Amgen Inc.,NASDAQ,111030000000.0
193,ADI,"Analog Devices, Inc.",NASDAQ,31330000000.0
204,ANSS,"ANSYS, Inc.",NASDAQ,18310000000.0
216,AAPL,Apple Inc.,NASDAQ,1003040000000.0
219,AMAT,"Applied Materials, Inc.",NASDAQ,34890000000.0
236,ACGL,Arch Capital Group Ltd.,NASDAQ,10560000000.0
261,ASML,ASML Holding N.V.,NASDAQ,91990000000.0
285,TEAM,Atlassian Corporation Plc,NASDAQ,30900000000.0
299,ADSK,"Autodesk, Inc.",NASDAQ,32570000000.0
301,ADP,"Automatic Data Processing, Inc.",NASDAQ,48380000000.0
330,BIDU,"Baidu, Inc.",NASDAQ,30660000000.0
358,GOLD,Barrick Gold Corporation,NASDAQ,28230000000.0
368,BGNE,"BeiGene, Ltd.",NASDAQ,9730000000.0
393,BIIB,Biogen Inc.,NASDAQ,48520000000.0
399,BMRN,BioMarin Pharmaceutical Inc.,NASDAQ,13140000000.0
403,BNTX,BioNTech SE,NASDAQ,10550000000.0
430,BKNG,Booking Holdings Inc.,NASDAQ,48350000000.0
447,AVGO,Broadcom Inc.,NASDAQ,76850000000.0
471,CDNS,"Cadence Design Systems, Inc.",NASDAQ,15430000000.0
533,CBOE,"Cboe Global Markets, Inc.",NASDAQ,8910000000.0
536,CDW,CDW Corporation,NASDAQ,11360000000.0
564,CERN,Cerner Corporation,NASDAQ,17640000000.0
574,CHTR,"Charter Communications, Inc.",NASDAQ,78050000000.0
575,CHKP,Check Point Software Technologies Ltd.,NASDAQ,13660000000.0
617,CINF,Cincinnati Financial Corporation,NASDAQ,12210000000.0
619,CTAS,Cintas Corporation,NASDAQ,18170000000.0
621,CSCO,"Cisco Systems, Inc.",NASDAQ,150980000000.0
627,CTXS,"Citrix Systems, Inc.",NASDAQ,14600000000.0
644,CME,CME Group Inc.,NASDAQ,56770000000.0
657,CTSH,Cognizant Technology Solutions Corporation,NASDAQ,24190000000.0
671,CMCSA,Comcast Corporation,NASDAQ,151930000000.0
705,CPRT,"Copart, Inc.",NASDAQ,14060000000.0
715,CSGP,"CoStar Group, Inc.",NASDAQ,20190000000.0
716,COST,Costco Wholesale Corporation,NASDAQ,128240000000.00002
719,COUP,Coupa Software Incorporated,NASDAQ,9020000000.0
751,CRWD,"CrowdStrike Holdings, Inc.",NASDAQ,10070000000.0
758,CSX,CSX Corporation,NASDAQ,38590000000.0
788,DDOG,"Datadog, Inc.",NASDAQ,9920000000.0
807,DXCM,"DexCom, Inc.",NASDAQ,19190000000.0
824,DISCA,"Discovery, Inc.",NASDAQ,9770000000.0
825,DISCB,"Discovery, Inc.",NASDAQ,12920000000.0
827,DISH,DISH Network Corporation,NASDAQ,10450000000.0
831,DOCU,"DocuSign, Inc.",NASDAQ,14300000000.0
833,DLTR,"Dollar Tree, Inc.",NASDAQ,17980000000.0
867,EBAY,eBay Inc.,NASDAQ,21960000000.0
890,EA,Electronic Arts Inc.,NASDAQ,25180000000.0
925,EQIX,"Equinix, Inc.",NASDAQ,43280000000.0
927,ERIC,Ericsson,NASDAQ,23030000000.0
928,ERIE,Erie Indemnity Company,NASDAQ,9280000000.0
961,EXC,Exelon Corporation,NASDAQ,30200000000.0
967,EXPD,"Expeditors International of Washington, Inc.",NASDAQ,9330000000.0
978,FB,"Facebook, Inc.",NASDAQ,426800000000.0
987,FAST,Fastenal Company,NASDAQ,16510000000.000002
1000,FITB,Fifth Third Bancorp,NASDAQ,9180000000.0
1139,FISV,"Fiserv, Inc.",NASDAQ,55530000000.0
1168,FTNT,"Fortinet, Inc.",NASDAQ,14650000000.0
1177,FOX,Fox Corporation,NASDAQ,12170000000.0
1178,FOXA,Fox Corporation,NASDAQ,12740000000.0
1210,GLPG,Galapagos NV,NASDAQ,9540000000.0
1216,GRMN,Garmin Ltd.,NASDAQ,12590000000.0
1228,GMAB,Genmab A/S,NASDAQ,12510000000.0
1242,GILD,"Gilead Sciences, Inc.",NASDAQ,92570000000.0
1319,GRFS,"Grifols, S.A.",NASDAQ,12400000000.0
1429,HBANO,Huntington Bancshares Incorporated,NASDAQ,17230000000.0
1437,IAC,IAC/InterActiveCorp,NASDAQ,11080000000.0
1440,IEP,Icahn Enterprises L.P.,NASDAQ,8980000000.0
1453,IDXX,"IDEXX Laboratories, Inc.",NASDAQ,15640000000.0
1460,INFO,IHS Markit Ltd.,NASDAQ,20350000000.0
1463,ILMN,"Illumina, Inc.",NASDAQ,35570000000.0
1480,INCY,Incyte Corporation,NASDAQ,14520000000.0
1510,PODD,Insulet Corporation,NASDAQ,8960000000.0
1517,INTC,Intel Corporation,NASDAQ,196010000000.0
1521,IBKR,"Interactive Brokers Group, Inc.",NASDAQ,15740000000.0
1535,INTU,Intuit Inc.,NASDAQ,52580000000.0
1536,ISRG,"Intuitive Surgical, Inc.",NASDAQ,46020000000.0
1599,QQQ,"Invesco QQQ Trust, Series 1",NASDAQ,72320000000.0
1627,IQ,"iQIYI, Inc.",NASDAQ,12870000000.0
1637,SHY,iShares 1-3 Year Treasury Bond ETF,NASDAQ,22590000000.0
1638,TLT,iShares 20+ Year Treasury Bond ETF,NASDAQ,20310000000.0
1639,IEI,iShares 3-7 Year Treasury Bond ETF,NASDAQ,11450000000.0
1640,IEF,iShares 7-10 Year Treasury Bond ETF,NASDAQ,21180000000.0
1645,IXUS,iShares Core MSCI Total International Stock ETF,NASDAQ,13120000000.0
1676,EMB,iShares J.P. Morgan USD Emerging Markets Bond ETF,NASDAQ,11240000000.0
1677,MBB,iShares MBS ETF,NASDAQ,21850000000.0
1699,PFF,iShares Preferred and Income Securities ETF,NASDAQ,12420000000.0
1706,DVY,iShares Select Dividend ETF,NASDAQ,11440000000.0
1707,SHV,iShares Short Treasury Bond ETF,NASDAQ,23980000000.0
1708,IGSB,iShares Short-Term Corporate Bond ETF,NASDAQ,12250000000.0
1720,JKHY,"Jack Henry & Associates, Inc.",NASDAQ,10310000000.0
1729,JD,"JD.com, Inc.",NASDAQ,55060000000.0
1769,KLAC,KLA Corporation ,NASDAQ,17880000000.0
1788,LRCX,Lam Research Corporation,NASDAQ,27350000000.0
1823,LBRDA,Liberty Broadband Corporation,NASDAQ,15890000000.0
1824,LBRDK,Liberty Broadband Corporation,NASDAQ,16489999999.999998
1825,LBTYA,Liberty Global plc,NASDAQ,11150000000.0
1826,LBTYB,Liberty Global plc,NASDAQ,10930000000.0
1827,LBTYK,Liberty Global plc,NASDAQ,10460000000.0
1883,LULU,lululemon athletica inc.,NASDAQ,21500000000.0
1920,MKTX,"MarketAxess Holdings, Inc.",NASDAQ,11780000000.0
1922,MAR,Marriott International,NASDAQ,24180000000.0
1926,MRVL,Marvell Technology Group Ltd.,NASDAQ,12520000000.0
1929,MTCH,"Match Group, Inc.",NASDAQ,13390000000.0
1934,MXIM,"Maxim Integrated Products, Inc.",NASDAQ,11890000000.0
1951,MELI,"MercadoLibre, Inc.",NASDAQ,22510000000.0
1976,MCHP,Microchip Technology Incorporated,NASDAQ,14290000000.0
1977,MU,"Micron Technology, Inc.",NASDAQ,40110000000.0
1978,MSFT,Microsoft Corporation,NASDAQ,1044690000000.0
2008,MRNA,"Moderna, Inc.",NASDAQ,9280000000.0
2018,MDLZ,"Mondelez International, Inc.",NASDAQ,62080000000.0
2026,MNST,Monster Beverage Corporation,NASDAQ,27970000000.0
2058,NDAQ,"Nasdaq, Inc.",NASDAQ,13280000000.0
2098,NTES,"NetEase, Inc.",NASDAQ,36480000000.0
2101,NFLX,"Netflix, Inc.",NASDAQ,146050000000.0
2147,NTRS,Northern Trust Corporation,NASDAQ,13510000000.0
2152,NLOK,NortonLifeLock Inc.,NASDAQ,10180000000.0
2169,NVDA,NVIDIA Corporation,NASDAQ,125920000000.0
2170,NXPI,NXP Semiconductors N.V.,NASDAQ,20580000000.0
2195,OKTA,"Okta, Inc.",NASDAQ,14170000000.0
2196,ODFL,"Old Dominion Freight Line, Inc.",NASDAQ,13440000000.0
2233,ORLY,"O&#39;Reilly Automotive, Inc.",NASDAQ,19760000000.0
2264,PCAR,PACCAR Inc.,NASDAQ,18120000000.0
2293,PAYX,"Paychex, Inc.",NASDAQ,18630000000.0
2295,PYPL,"PayPal Holdings, Inc.",NASDAQ,101670000000.0
2322,PEP,"Pepsico, Inc.",NASDAQ,144420000000.0
2346,PDD,Pinduoduo Inc.,NASDAQ,39020000000.0
2457,QCOM,QUALCOMM Incorporated,NASDAQ,69620000000.0
2509,REGN,"Regeneron Pharmaceuticals, Inc.",NASDAQ,48240000000.0
2558,ROKU,"Roku, Inc.",NASDAQ,9130000000.0
2560,ROST,"Ross Stores, Inc.",NASDAQ,22930000000.0
2570,RYAAY,Ryanair Holdings plc,NASDAQ,10790000000.0
2588,SNY,Sanofi,NASDAQ,95050000000.0
2595,SBAC,SBA Communications Corporation,NASDAQ,25670000000.0
2610,STX,Seagate Technology PLC,NASDAQ,10630000000.0
2614,SGEN,"Seattle Genetics, Inc.",NASDAQ,17200000000.0
2682,SIRI,Sirius XM Holdings Inc.,NASDAQ,19600000000.0
2686,SWKS,"Skyworks Solutions, Inc.",NASDAQ,12540000000.0
2739,SPLK,Splunk Inc.,NASDAQ,17200000000.0
2749,SSNC,"SS&C Technologies Holdings, Inc.",NASDAQ,9120000000.0
2756,SBUX,Starbucks Corporation,NASDAQ,68110000000.0
2816,SNPS,"Synopsys, Inc.",NASDAQ,16520000000.0
2820,TROW,"T. Rowe Price Group, Inc.",NASDAQ,21320000000.0
2826,TTWO,"Take-Two Interactive Software, Inc.",NASDAQ,11360000000.0
2840,AMTD,TD Ameritrade Holding Corporation,NASDAQ,16800000000.0
2859,TSLA,"Tesla, Inc. ",NASDAQ,78830000000.0
2865,TXN,Texas Instruments Incorporated,NASDAQ,91130000000.0
2890,KHC,The Kraft Heinz Company,NASDAQ,27210000000.0
2926,TMUS,"T-Mobile US, Inc.",NASDAQ,63880000000.0
2961,TCOM,Trip.com Group Limited,NASDAQ,13400000000.0
3061,VCIT,Vanguard Intermediate-Term Corporate Bond ETF,NASDAQ,23890000000.0
3067,VMBS,Vanguard Mortgage-Backed Securities ETF,NASDAQ,11130000000.0
3075,VCSH,Vanguard Short-Term Corporate Bond ETF,NASDAQ,21140000000.0
3078,BND,Vanguard Total Bond Market ETF,NASDAQ,48800000000.0
3080,BNDX,Vanguard Total International Bond ETF,NASDAQ,25930000000.0
3081,VXUS,Vanguard Total International Stock ETF,NASDAQ,14170000000.0
3100,VRSN,"VeriSign, Inc.",NASDAQ,18290000000.0
3101,VRSK,"Verisk Analytics, Inc.",NASDAQ,20260000000.0
3109,VRTX,Vertex Pharmaceuticals Incorporated,NASDAQ,53410000000.0
3112,VIACA,ViacomCBS Inc.,NASDAQ,10020000000.0
3154,VOD,Vodafone Group Plc,NASDAQ,33950000000.000004
3164,WBA,"Walgreens Boots Alliance, Inc.",NASDAQ,41120000000.0
3185,WDC,Western Digital Corporation,NASDAQ,9280000000.0
3199,WLTW,Willis Towers Watson Public Limited Company,NASDAQ,19650000000.0
3224,WDAY,"Workday, Inc.",NASDAQ,29000000000.0
3236,XEL,Xcel Energy Inc.,NASDAQ,26560000000.0
3241,XLNX,"Xilinx, Inc.",NASDAQ,17880000000.0
3243,XP,XP Inc.,NASDAQ,9900000000.0
3249,YNDX,Yandex N.V.,NASDAQ,9870000000.0
3263,ZBRA,Zebra Technologies Corporation,NASDAQ,9690000000.0
3276,ZM,"Zoom Video Communications, Inc.",NASDAQ,36080000000.0
3285,MMM,3M Company,NYSE,71890000000.0
3294,ABB,ABB Ltd,NYSE,34049999999.999996
3295,ABT,Abbott Laboratories,NYSE,119910000000.0
3296,ABBV,AbbVie Inc.,NYSE,101800000000.0
3306,ACN,Accenture plc,NYSE,95310000000.0
3327,AFL,Aflac Incorporated,NYSE,19310000000.0
3330,A,"Agilent Technologies, Inc.",NYSE,20580000000.0
3334,APD,"Air Products and Chemicals, Inc.",NYSE,41740000000.0
3342,ALC,Alcon Inc.,NYSE,20970000000.0
3345,ARE,"Alexandria Real Estate Equities, Inc.",NYSE,15130000000.0
3347,BABA,Alibaba Group Holding Limited,NYSE,486380000000.0
3351,AGN,Allergan plc.,NYSE,56220000000.0
3365,ALL,Allstate Corporation (The),NYSE,23410000000.0
3370,ATUS,"Altice USA, Inc.",NYSE,11990000000.0
3371,MO,Altria Group,NYSE,63700000000.0
3375,ABEV,Ambev S.A.,NYSE,37750000000.0
3377,AMCR,Amcor plc,NYSE,11710000000.0
3378,AEE,Ameren Corporation,NYSE,15500000000.0
3380,AMOV,"America Movil, S.A.B. de C.V.",NYSE,39470000000.0
3381,AMX,"America Movil, S.A.B. de C.V.",NYSE,39830000000.0
3386,AEP,"American Electric Power Company, Inc.",NYSE,35360000000.0
3388,AXP,American Express Company,NYSE,59890000000.0
3392,AIG,"American International Group, Inc.",NYSE,16649999999.999998
3396,AMT,American Tower Corporation (REIT),NYSE,86540000000.0
3398,AWK,American Water Works,NYSE,18220000000.0
3400,AMP,"AMERIPRISE FINANCIAL SERVICES, INC.",NYSE,11070000000.0
3401,ABC,AmerisourceBergen Corporation (Holding Co),NYSE,16600000000.000002
3406,APH,Amphenol Corporation,NYSE,20880000000.0
3409,AME,"AMTEK, Inc.",NYSE,14520000000.0
3413,BUD,Anheuser-Busch Inbev SA,NYSE,78960000000.0
3418,ANTM,"Anthem, Inc.",NYSE,48340000000.0
3420,AON,Aon plc,NYSE,34590000000.0
3426,APO,"Apollo Global Management, Inc",NYSE,11030000000.0
3432,APTV,Aptiv PLC,NYSE,11530000000.0
3439,ADM,Archer-Daniels-Midland Company,NYSE,17079999999.999998
3453,ANET,"Arista Networks, Inc.",NYSE,12580000000.0
3461,AJG,Arthur J. Gallagher & Co.,NYSE,13470000000.0
3476,AZN,Astrazeneca PLC,NYSE,103450000000.0
3478,T,AT&T Inc.,NYSE,204360000000.0
3484,ATO,Atmos Energy Corporation,NYSE,10540000000.0
3489,AZO,"AutoZone, Inc.",NYSE,17000000000.0
3491,AVB,"AvalonBay Communities, Inc.",NYSE,18510000000.0
3492,AGR,"Avangrid, Inc.",NYSE,12860000000.0
3511,BKR,Baker Hughes Company,NYSE,10310000000.0
3513,BLL,Ball Corporation,NYSE,17880000000.0
3516,BBVA,Banco Bilbao Viscaya Argentaria S.A.,NYSE,19940000000.0
3517,BBD,Banco Bradesco Sa,NYSE,30280000000.0
3518,BBDO,Banco Bradesco Sa,NYSE,27710000000.0
3521,BSBR,Banco Santander Brasil SA,NYSE,37250000000.0
3524,SAN,"Banco Santander, S.A.",NYSE,36380000000.0
3527,BAC,Bank of America Corporation,NYSE,171620000000.0
3529,BMO,Bank Of Montreal,NYSE,27600000000.0
3531,BNS,Bank of Nova Scotia (The),NYSE,42250000000.0
3533,BCS,Barclays PLC,NYSE,17370000000.0
3539,GOLD,Barrick Gold Corporation,NYSE,28230000000.0
3541,BAX,Baxter International Inc.,NYSE,38420000000.0
3544,BCE,"BCE, Inc.",NYSE,32450000000.000004
3546,BDX,"Becton, Dickinson and Company",NYSE,59690000000.0
3552,BBY,"Best Buy Co., Inc.",NYSE,13370000000.0
3555,BHP,BHP Group Limited,NYSE,79590000000.0
3556,BBL,BHP Group Plc,NYSE,62990000000.0
3561,BIO,"Bio-Rad Laboratories, Inc.",NYSE,9850000000.0
3634,BLK,"BlackRock, Inc.",NYSE,55210000000.0
3648,BA,Boeing Company (The),NYSE,53610000000.0
3656,BXP,"Boston Properties, Inc.",NYSE,12720000000.0
3657,BSX,Boston Scientific Corporation,NYSE,38030000000.0
3661,BP,BP p.l.c.,NYSE,58720000000.0
3678,BMY,Bristol-Myers Squibb Company,NYSE,109260000000.0
3679,BTI,British American Tobacco p.l.c.,NYSE,68540000000.00001
3682,BR,"Broadridge Financial Solutions, Inc.",NYSE,10420000000.0
3684,BAM,Brookfield Asset Management Inc,NYSE,40560000000.0
3686,BIP,Brookfield Infrastructure Partners LP,NYSE,9600000000.0
3689,BRO,"Brown & Brown, Inc.",NYSE,9470000000.0
3696,BURL,"Burlington Stores, Inc.",NYSE,9090000000.0
3715,CPB,Campbell Soup Company,NYSE,13670000000.0
3718,CM,Canadian Imperial Bank of Commerce,NYSE,22710000000.0
3719,CNI,Canadian National Railway Company,NYSE,49010000000.0
3720,CNQ,Canadian Natural Resources Limited,NYSE,9920000000.0
3721,CP,Canadian Pacific Railway Limited,NYSE,25470000000.0
3725,CAJ,"Canon, Inc.",NYSE,22430000000.0
3728,COF,Capital One Financial Corporation,NYSE,20580000000.0
3733,CAH,"Cardinal Health, Inc.",NYSE,12640000000.0
3747,CAT,"Caterpillar, Inc.",NYSE,52530000000.0
3752,CBRE,"CBRE Group, Inc.",NYSE,11470000000.0
3761,CNC,Centene Corporation,NYSE,28670000000.0
3767,CTL,"CenturyLink, Inc.",NYSE,9910000000.0
3770,GIB,CGI Inc.,NYSE,11580000000.0
3783,CVX,Chevron Corporation,NYSE,111610000000.0
3784,CHWY,"Chewy, Inc.",NYSE,12720000000.0
3791,LFC,China Life Insurance Company Limited,NYSE,48950000000.0
3792,CHL,China Mobile (Hong Kong) Ltd.,NYSE,139720000000.0
3794,SNP,China Petroleum & Chemical Corporation,NYSE,52330000000.0
3797,CHA,China Telecom Corp Ltd,NYSE,22800000000.0
3798,CHU,China Unicom (Hong Kong) Ltd,NYSE,16980000000.0
3800,CMG,"Chipotle Mexican Grill, Inc.",NYSE,15720000000.0
3802,CB,Chubb Limited,NYSE,45900000000.0
3803,CHT,"Chunghwa Telecom Co., Ltd.",NYSE,27380000000.0
3804,CHD,"Church & Dwight Company, Inc.",NYSE,16149999999.999998
3807,CI,Cigna Corporation,NYSE,52850000000.0
3815,C,Citigroup Inc.,NYSE,79860000000.0
3830,CLX,Clorox Company (The),NYSE,22190000000.0
3833,CMS,CMS Energy Corporation,NYSE,14070000000.0
3841,KOF,Coca Cola Femsa S.A.B. de C.V.,NYSE,68990000000.0
3842,KO,Coca-Cola Company (The),NYSE,164440000000.0
3843,CCEP,Coca-Cola European Partners plc,NYSE,14350000000.0
3855,CL,Colgate-Palmolive Company,NYSE,53080000000.0
3879,CAG,"ConAgra Brands, Inc.",NYSE,12680000000.0
3883,COP,ConocoPhillips,NYSE,29020000000.0
3886,ED,Consolidated Edison Inc,NYSE,24230000000.0
3887,STZ,Constellation Brands Inc,NYSE,22940000000.0
3904,GLW,Corning Incorporated,NYSE,14400000000.0
3907,CTVA,"Corteva, Inc.",NYSE,16879999999.999998
3916,BAP,Credicorp Ltd.,NYSE,10590000000.0
3917,CS,Credit Suisse Group,NYSE,17050000000.0
3920,CRH,CRH PLC,NYSE,15570000000.0
3923,CCI,Crown Castle International Corporation,NYSE,53370000000.0
3931,CMI,Cummins Inc.,NYSE,17500000000.0
3941,CVS,CVS Health Corporation,NYSE,71340000000.0
3943,DHI,"D.R. Horton, Inc.",NYSE,11500000000.0
3945,DHR,Danaher Corporation,NYSE,86200000000.0
3953,DE,Deere & Company,NYSE,35010000000.0
3958,DELL,Dell Technologies Inc.,NYSE,24060000000.0
3960,DAL,"Delta Air Lines, Inc.",NYSE,13670000000.0
3965,DB,Deutsche Bank AG,NYSE,11900000000.0
3969,DEO,Diageo plc,NYSE,64010000000.00001
3976,DLR,"Digital Realty Trust, Inc.",NYSE,31420000000.0
3982,DG,Dollar General Corporation,NYSE,35680000000.0
3983,D,"Dominion Energy, Inc.",NYSE,56330000000.0
3984,DPZ,Domino&#39;s Pizza Inc,NYSE,11710000000.0
3994,DOV,Dover Corporation,NYSE,9540000000.0
3996,DOW,Dow Inc.,NYSE,20380000000.0
4001,DTE,DTE Energy Company,NYSE,15980000000.0
4008,DUK,Duke Energy Corporation,NYSE,50160000000.0
4009,DRE,Duke Realty Corporation,NYSE,9940000000.0
4010,DD,"DuPont de Nemours, Inc.",NYSE,23270000000.0
4026,ETN,"Eaton Corporation, PLC",NYSE,26710000000.0
4051,ECL,Ecolab Inc.,NYSE,40890000000.0
4052,EC,Ecopetrol S.A.,NYSE,14780000000.0
4054,EIX,Edison International,NYSE,16989999999.999998
4055,EW,Edwards Lifesciences Corporation,NYSE,34810000000.0
4062,LLY,Eli Lilly and Company,NYSE,117060000000.0
4069,EMR,Emerson Electric Company,NYSE,26980000000.0
4074,ENB,Enbridge Inc,NYSE,51890000000.0
4081,ET,Energy Transfer L.P.,NYSE,14120000000.0
4085,E,ENI S.p.A.,NYSE,28660000000.0
4091,ETR,Entergy Corporation,NYSE,15980000000.0
4092,EPD,Enterprise Products Partners L.P.,NYSE,32670000000.0
4098,EOG,"EOG Resources, Inc.",NYSE,20310000000.0
4099,EPAM,"EPAM Systems, Inc.",NYSE,9290000000.0
4103,EFX,"Equifax, Inc.",NYSE,12810000000.0
4104,EQNR,Equinor ASA,NYSE,31410000000.0
4109,EQR,Equity Residential,NYSE,20570000000.0
4117,ESS,"Essex Property Trust, Inc.",NYSE,12990000000.0
4118,EL,"Estee Lauder Companies, Inc. (The)",NYSE,54290000000.0
4125,EVRG,"Evergy, Inc.",NYSE,10690000000.0
4127,ES,Eversource Energy,NYSE,22550000000.0
4134,EXR,Extra Space Storage Inc,NYSE,10330000000.0
4135,XOM,Exxon Mobil Corporation,NYSE,138560000000.0
4152,FDX,FedEx Corporation,NYSE,29010000000.0
4153,RACE,Ferrari N.V.,NYSE,34700000000.0
4156,FCAU,Fiat Chrysler Automobiles N.V.,NYSE,12810000000.0
4158,FIS,"Fidelity National Information Services, Inc.",NYSE,63370000000.0
4167,FRC,FIRST REPUBLIC BANK,NYSE,13630000000.0
4181,FE,FirstEnergy Corp.,NYSE,18540000000.0
4191,FLT,"FleetCor Technologies, Inc.",NYSE,15980000000.0
4200,FMX,Fomento Economico Mexicano S.A.B. de C.V.,NYSE,106940000000.0
4202,F,Ford Motor Company,NYSE,17170000000.000002
4204,FTS,Fortis Inc.,NYSE,14760000000.0
4205,FTV,Fortive Corporation,NYSE,15330000000.0
4213,FNV,Franco-Nevada Corporation,NYSE,17780000000.0
4220,FMS,Fresenius Medical Care Corporation,NYSE,17550000000.0
4249,GD,General Dynamics Corporation,NYSE,33009999999.999996
4250,GE,General Electric Company,NYSE,56720000000.0
4251,GIS,"General Mills, Inc.",NYSE,32280000000.0
4252,GM,General Motors Company,NYSE,26330000000.0
4269,GSK,GlaxoSmithKline PLC,NYSE,83630000000.0
4274,GPN,Global Payments Inc.,NYSE,35720000000.0
4285,GS,"Goldman Sachs Group, Inc. (The)",NYSE,47840000000.0
4315,GSX,GSX Techedu Inc.,NYSE,9530000000.0
4336,HIG,"Hartford Financial Services Group, Inc. (The)",NYSE,11200000000.0
4340,HCA,"HCA Healthcare, Inc.",NYSE,26570000000.0
4342,HDB,HDFC Bank Limited,NYSE,65379999999.99999
4345,PEAK,"Healthpeak Properties, Inc.",NYSE,10600000000.0
4347,HEI,Heico Corporation,NYSE,9450000000.0
4356,HSY,Hershey Company (The),NYSE,24690000000.0
4358,HES,Hess Corporation,NYSE,9370000000.0
4360,HPE,Hewlett Packard Enterprise Company,NYSE,11120000000.0
4374,HLT,Hilton Worldwide Holdings Inc.,NYSE,17090000000.0
4379,HD,"Home Depot, Inc. (The)",NYSE,165970000000.0
4380,HMC,"Honda Motor Company, Ltd.",NYSE,35970000000.0
4381,HON,Honeywell International Inc.,NYSE,79570000000.0
4384,HRL,Hormel Foods Corporation,NYSE,24260000000.0
4389,HPQ,HP Inc.,NYSE,20000000000.0
4390,HSBC,HSBC Holdings plc,NYSE,117150000000.0
4398,HUM,Humana Inc.,NYSE,30470000000.0
4407,IBN,ICICI Bank Limited,NYSE,25950000000.0
4411,INFO,IHS Markit Ltd.,NYSE,20350000000.0
4412,ITW,Illinois Tool Works Inc.,NYSE,40110000000.0
4419,INFY,Infosys Limited,NYSE,29430000000.0
4420,ING,"ING Group, N.V.",NYSE,19640000000.0
4433,ICE,Intercontinental Exchange Inc.,NYSE,40400000000.0
4436,IBM,International Business Machines Corporation,NYSE,84750000000.0
4437,IFF,"International Flavors & Fragrances, Inc.",NYSE,10940000000.0
4439,IP,International Paper Company,NYSE,11570000000.0
4463,INVH,Invitation Homes Inc.,NYSE,9310000000.0
4465,IQV,"IQVIA Holdings, Inc.",NYSE,17680000000.0
4471,ITUB,Itau Unibanco Banco Holding SA,NYSE,42690000000.0
4474,JPM,J P Morgan Chase & Co,NYSE,256680000000.0
4478,SJM,J.M. Smucker Company (The),NYSE,11880000000.0
4502,JNJ,Johnson & Johnson,NYSE,316070000000.0
4503,JCI,Johnson Controls International plc,NYSE,19030000000.0
4514,KSU,Kansas City Southern,NYSE,10430000000.0
4521,K,Kellogg Company,NYSE,19110000000.0
4527,KDP,Keurig Dr Pepper Inc.,NYSE,33110000000.0
4528,KEY,KeyCorp,NYSE,8910000000.0
4529,KEYS,Keysight Technologies Inc.,NYSE,15570000000.0
4532,KMB,Kimberly-Clark Corporation,NYSE,40390000000.0
4534,KMI,"Kinder Morgan, Inc.",NYSE,27970000000.0
4540,KKR,KKR & Co. Inc.,NYSE,16180000000.0
4548,PHG,Koninklijke Philips N.V.,NYSE,29290000000.0
4556,KR,Kroger Company (The),NYSE,25030000000.0
4561,LHX,"L3Harris Technologies, Inc.",NYSE,33409999999.999996
4562,LH,Laboratory Corporation of America Holdings,NYSE,10430000000.0
4568,LVS,Las Vegas Sands Corp.,NYSE,33080000000.0
4580,LDOS,"Leidos Holdings, Inc.",NYSE,10250000000.0
4583,LEN,Lennar Corporation,NYSE,10650000000.0
4595,LIN,Linde plc,NYSE,80640000000.0
4597,LN,LINE Corporation,NYSE,10870000000.0
4604,LYG,Lloyds Banking Group Plc,NYSE,24470000000.0
4606,LMT,Lockheed Martin Corporation,NYSE,82090000000.0
4607,L,Loews Corporation,NYSE,9000000000.0
4610,LOW,"Lowe&#39;s Companies, Inc.",NYSE,50860000000.0
4617,LYB,LyondellBasell Industries NV,NYSE,14010000000.0
4618,MTB,M&T Bank Corporation,NYSE,12830000000.0
4640,MFC,Manulife Financial Corp,NYSE,18260000000.0
4642,MPC,Marathon Petroleum Corporation,NYSE,12320000000.0
4647,MKL,Markel Corporation,NYSE,10820000000.0
4649,MMC,"Marsh & McLennan Companies, Inc.",NYSE,40250000000.0
4650,MLM,"Martin Marietta Materials, Inc.",NYSE,9550000000.0
4654,MA,Mastercard Incorporated,NYSE,212500000000.0
4664,MKC,"McCormick & Company, Incorporated",NYSE,16550000000.0
4665,MCD,McDonald&#39;s Corporation,NYSE,110690000000.0
4667,MCK,McKesson Corporation,NYSE,20180000000.0
4676,MDT,Medtronic plc,NYSE,103810000000.0
4678,MRK,"Merck & Company, Inc.",NYSE,180990000000.0
4686,MET,"MetLife, Inc.",NYSE,22330000000.0
4688,MTD,"Mettler-Toledo International, Inc.",NYSE,15470000000.0
4702,MAA,"Mid-America Apartment Communities, Inc.",NYSE,10000000000.0
4708,MUFG,Mitsubishi UFJ Financial Group Inc,NYSE,44040000000.0
4710,MFG,"Mizuho Financial Group, Inc.",NYSE,27900000000.0
4721,MCO,Moody&#39;s Corporation,NYSE,32909999999.999996
4722,MS,Morgan Stanley,NYSE,45470000000.0
4728,MSI,"Motorola Solutions, Inc.",NYSE,23300000000.0
4730,MPLX,MPLX LP,NYSE,12420000000.0
4734,MSCI,MSCI Inc,NYSE,20610000000.0
4751,NGG,"National Grid Transco, PLC",NYSE,34840000000.0
4781,EDU,"New Oriental Education & Technology Group, Inc.",NYSE,17220000000.0
4789,NEM,Newmont Corporation,NYSE,32759999999.999996
4796,NEE,"NextEra Energy, Inc.",NYSE,93760000000.0
4800,NKE,"Nike, Inc.",NYSE,105040000000.0
4807,NOK,Nokia Corporation,NYSE,14950000000.0
4809,NMR,Nomura Holdings Inc ADR,NYSE,11910000000.0
4813,NSC,Norfolk Southern Corporation,NYSE,31900000000.0
4816,NOC,Northrop Grumman Corporation,NYSE,47610000000.0
4820,NVS,Novartis AG,NYSE,164030000000.0
4821,NVO,Novo Nordisk A/S,NYSE,116070000000.0
4825,NUE,Nucor Corporation,NYSE,9220000000.0
4827,NTR,Nutrien Ltd.,NYSE,15890000000.0
4901,OXY,Occidental Petroleum Corporation,NYSE,9160000000.0
4912,OMC,Omnicom Group Inc.,NYSE,10740000000.0
4924,ORCL,Oracle Corporation,NYSE,143960000000.0
4925,ORAN,Orange,NYSE,30930000000.0
4929,IX,Orix Corp Ads,NYSE,13310000000.0
4947,PANW,"Palo Alto Networks, Inc.",NYSE,14310000000.0
4955,PH,Parker-Hannifin Corporation,NYSE,13150000000.0
4959,PAYC,"Paycom Software, Inc.",NYSE,11350000000.0
4979,PTR,PetroChina Company Limited,NYSE,53920000000.0
4980,PBR,Petroleo Brasileiro S.A.- Petrobras,NYSE,31630000000.0
4981,PFE,"Pfizer, Inc.",NYSE,160940000000.0
4985,PM,Philip Morris International Inc,NYSE,95050000000.0
4986,PSX,Phillips 66,NYSE,21250000000.0
5021,PXD,Pioneer Natural Resources Company,NYSE,10230000000.0
5033,PNC,"PNC Financial Services Group, Inc. (The)",NYSE,38370000000.0
5041,PPG,"PPG Industries, Inc.",NYSE,18810000000.0
5042,PPL,PPL Corporation,NYSE,15100000000.0
5052,PG,Procter & Gamble Company (The),NYSE,252950000000.0
5053,PGR,Progressive Corporation (The),NYSE,39960000000.0
5054,PLD,"Prologis, Inc.",NYSE,46410000000.0
5063,PRU,"Prudential Financial, Inc.",NYSE,16780000000.000002
5064,PUK,Prudential Public Limited Company,NYSE,23670000000.0
5066,TLK,"PT Telekomunikasi Indonesia, Tbk",NYSE,17059999999.999998
5067,PEG,Public Service Enterprise Group Incorporated,NYSE,19100000000.0
5068,PSA,Public Storage,NYSE,29900000000.0
5088,DGX,Quest Diagnostics Incorporated,NYSE,10040000000.0
5103,RTN,Raytheon Company,NYSE,34570000000.0
5107,O,Realty Income Corporation,NYSE,16309999999.999998
5116,RELX,RELX PLC,NYSE,32759999999.999996
5121,RSG,"Republic Services, Inc.",NYSE,22830000000.0
5123,RMD,ResMed Inc.,NYSE,16540000000.0
5125,QSR,Restaurant Brands International Inc.,NYSE,9570000000.0
5135,RNG,"Ringcentral, Inc.",NYSE,16020000000.0
5136,RIO,Rio Tinto Plc,NYSE,45590000000.0
5149,ROK,"Rockwell Automation, Inc.",NYSE,14730000000.0
5150,RCI,"Rogers Communication, Inc.",NYSE,14880000000.0
5152,ROL,"Rollins, Inc.",NYSE,11470000000.0
5153,ROP,"Roper Technologies, Inc.",NYSE,30040000000.0
5155,RY,Royal Bank Of Canada,NYSE,77620000000.0
5156,RBS,Royal Bank Scotland plc (The),NYSE,15360000000.0
5169,SPGI,S&P Global Inc.,NYSE,50900000000.0
5175,CRM,Salesforce.com Inc,NYSE,124720000000.0
5183,SAP,SAP SE,NYSE,112560000000.0
5188,SLB,Schlumberger N.V.,NYSE,19820000000.0
5199,SE,Sea Limited,NYSE,17600000000.0
5208,SRE,Sempra Energy,NYSE,29120000000.0
5215,NOW,"ServiceNow, Inc.",NYSE,48340000000.0
5220,SHW,Sherwin-Williams Company (The),NYSE,37890000000.0
5222,SHOP,Shopify Inc.,NYSE,36170000000.0
5228,SPG,"Simon Property Group, Inc.",NYSE,14770000000.0
5235,SKM,"SK Telecom Co., Ltd.",NYSE,10090000000.0
5239,WORK,"Slack Technologies, Inc.",NYSE,12380000000.0
5242,SNN,"Smith & Nephew SNATS, Inc.",NYSE,13430000000.0
5243,SNAP,Snap Inc.,NYSE,14330000000.0
5251,SNE,Sony Corp Ord,NYSE,65030000000.0
5254,SO,Southern Company (The),NYSE,48870000000.0
5255,SCCO,Southern Copper Corporation,NYSE,19640000000.0
5256,LUV,Southwest Airlines Company,NYSE,16520000000.0
5266,SPOT,Spotify Technology S.A.,NYSE,22920000000.0
5268,S,Sprint Corporation,NYSE,30840000000.0
5271,SQ,"Square, Inc.",NYSE,16579999999.999998
5277,SWK,"Stanley Black & Decker, Inc.",NYSE,12240000000.0
5282,STT,State Street Corporation,NYSE,16540000000.0
5287,STE,STERIS plc,NYSE,9810000000.0
5291,STM,STMicroelectronics N.V.,NYSE,14600000000.0
5297,SYK,Stryker Corporation,NYSE,52210000000.0
5301,SMFG,Sumitomo Mitsui Financial Group Inc,NYSE,31980000000.0
5305,SUI,"Sun Communities, Inc.",NYSE,10470000000.0
5306,SLF,Sun Life Financial Inc.,NYSE,14910000000.0
5308,SU,Suncor Energy  Inc.,NYSE,16989999999.999998
5322,SYY,Sysco Corporation,NYSE,17970000000.0
5326,TSM,Taiwan Semiconductor Manufacturing Company Ltd.,NYSE,230940000000.0
5327,TAK,Takeda Pharmaceutical Company Limited,NYSE,41340000000.0
5328,TAL,TAL Education Group,NYSE,28620000000.0
5334,TGT,Target Corporation,NYSE,48790000000.0
5339,TRP,TC Energy Corporation,NYSE,34340000000.000004
5342,TEL,TE Connectivity Ltd.,NYSE,18540000000.0
5355,TDOC,"Teladoc Health, Inc.",NYSE,10350000000.0
5359,TFX,Teleflex Incorporated,NYSE,11310000000.0
5360,VIV,Telefonica Brasil S.A.,NYSE,17780000000.0
5361,TEF,Telefonica SA,NYSE,23680000000.0
5363,TU,TELUS Corporation,NYSE,9360000000.0
5370,TME,Tencent Music Entertainment Group,NYSE,15530000000.0
5385,BK,The Bank Of New York Mellon Corporation ,NYSE,25730000000.0
5386,BX,The Blackstone Group Inc.,NYSE,45080000000.0
5388,SCHW,The Charles Schwab Corporation,NYSE,39550000000.0
5389,COO,"The Cooper Companies, Inc. ",NYSE,13370000000.0
5396,TRV,"The Travelers Companies, Inc.",NYSE,22830000000.0
5398,TMO,Thermo Fisher Scientific Inc,NYSE,111020000000.0
5402,TRI,Thomson Reuters Corp,NYSE,27520000000.0
5405,TIF,Tiffany & Co.,NYSE,15190000000.0
5411,TJX,"TJX Companies, Inc. (The)",NYSE,44960000000.0
5416,TD,Toronto Dominion Bank (The),NYSE,66920000000.0
5424,TOT,Total S.A.,NYSE,65450000000.0
5426,TM,Toyota Motor Corp Ltd Ord,NYSE,164060000000.0
5429,TT,Trane Technologies plc,NYSE,18040000000.0
5432,TDG,Transdigm Group Incorporated,NYSE,16239999999.999998
5435,TRU,TransUnion,NYSE,10380000000.0
5452,TFC,Truist Financial Corporation,NYSE,40400000000.0
5460,TWLO,Twilio Inc.,NYSE,11760000000.0
5462,TWTR,"Twitter, Inc.",NYSE,18760000000.0
5464,TYL,"Tyler Technologies, Inc.",NYSE,10270000000.0
5465,TSN,"Tyson Foods, Inc.",NYSE,19570000000.0
5466,USB,U.S. Bancorp,NYSE,49550000000.0
5470,UBER,"Uber Technologies, Inc.",NYSE,36770000000.0
5472,UBS,UBS AG,NYSE,29510000000.0
5473,UDR,"UDR, Inc.",NYSE,9440000000.0
5481,UN,Unilever NV,NYSE,108850000000.0
5482,UL,Unilever PLC,NYSE,123440000000.0
5483,UNP,Union Pacific Corporation,NYSE,81340000000.0
5488,UPS,"United Parcel Service, Inc.",NYSE,80230000000.0
5492,UTX,United Technologies Corporation,NYSE,71480000000.0
5493,UNH,UnitedHealth Group Incorporated,NYSE,195970000000.0
5510,VFC,V.F. Corporation,NYSE,20830000000.0
5514,VALE,VALE S.A.,NYSE,35800000000.0
5515,VLO,Valero Energy Corporation,NYSE,15820000000.0
5520,VAR,"Varian Medical Systems, Inc.",NYSE,9020000000.0
5524,VEEV,Veeva Systems Inc.,NYSE,19830000000.0
5531,VZ,Verizon Communications Inc.,NYSE,214240000000.0
5539,VIPS,Vipshop Holdings Limited,NYSE,9790000000.0
5543,V,Visa Inc.,NYSE,325360000000.0
5551,VMW,"Vmware, Inc.",NYSE,44160000000.0
5565,VMC,Vulcan Materials Company,NYSE,11210000000.0
5570,GWW,"W.W. Grainger, Inc.",NYSE,11470000000.0
5575,WMT,Walmart Inc.,NYSE,323350000000.0
5576,DIS,Walt Disney Company (The),NYSE,155230000000.0
5580,WCN,"Waste Connections, Inc.",NYSE,20620000000.0
5581,WM,"Waste Management, Inc.",NYSE,41750000000.0
5582,WAT,Waters Corporation,NYSE,10780000000.0
5587,WEC,"WEC Energy Group, Inc.",NYSE,23370000000.0
5592,WFC,Wells Fargo & Company,NYSE,108370000000.0
5594,WELL,Welltower Inc.,NYSE,17410000000.0
5596,WST,"West Pharmaceutical Services, Inc.",NYSE,9650000000.0
5623,WBK,Westpac Banking Corporation,NYSE,31200000000.0
5627,WY,Weyerhaeuser Company,NYSE,11000000000.0
5628,WPM,Wheaton Precious Metals Corp.,NYSE,10810000000.0
5634,WMB,"Williams Companies, Inc. (The)",NYSE,13980000000.0
5637,WIT,Wipro Limited,NYSE,15130000000.0
5655,XYL,Xylem Inc.,NYSE,10790000000.0
5663,YUMC,"Yum China Holdings, Inc.",NYSE,15290000000.0
5664,YUM,"Yum! Brands, Inc.",NYSE,17470000000.0
5666,ZBH,"Zimmer Biomet Holdings, Inc.",NYSE,17750000000.0
5667,ZTS,Zoetis Inc.,NYSE,47940000000.0
5668,ZTO,ZTO Express (Cayman) Inc.,NYSE,19310000000.0
5723,CQP,"Cheniere Energy Partners, LP",AMEX,10700000000.0
